what,kind,bundleId,bundleVersion,description,time
executed,command,org.eclipse.ui,3.7.0.v20110928-1505,"org.eclipse.ui.edit.paste",1471340589520
deactivated,workbench,org.eclipse.ui.workbench,3.7.1.v20120104-1859,"",1471340593119
activated,workbench,org.eclipse.ui.workbench,3.7.1.v20120104-1859,"",1471340593734
executed,command,org.eclipse.ui,3.7.0.v20110928-1505,"org.eclipse.ui.edit.delete",1471340593748
executed,command,org.eclipse.ui,3.7.0.v20110928-1505,"org.eclipse.ui.edit.copy",1471340600496
executed,command,org.eclipse.ui,3.7.0.v20110928-1505,"org.eclipse.ui.edit.paste",1471340604343
opened,editor,org.eclipse.jdt.ui,3.7.2.v20120109-1427,"org.eclipse.jdt.ui.CompilationUnitEditor",1471340606569
activated,editor,org.eclipse.jdt.ui,3.7.2.v20120109-1427,"org.eclipse.jdt.ui.CompilationUnitEditor",1471340606719
deactivated,workbench,org.eclipse.ui.workbench,3.7.1.v20120104-1859,"",1471340607176
activated,workbench,org.eclipse.ui.workbench,3.7.1.v20120104-1859,"",1471340611703
executed,command,org.eclipse.ui,3.7.0.v20110928-1505,"org.eclipse.ui.edit.text.contentAssist.proposals",1471340617258
executed,command,org.eclipse.ui,3.7.0.v20110928-1505,"org.eclipse.ui.edit.text.contentAssist.proposals",1471340622036
deactivated,workbench,org.eclipse.ui.workbench,3.7.1.v20120104-1859,"",1471340632496
activated,workbench,org.eclipse.ui.workbench,3.7.1.v20120104-1859,"",1471340634085
deactivated,workbench,org.eclipse.ui.workbench,3.7.1.v20120104-1859,"",1471340644775
activated,workbench,org.eclipse.ui.workbench,3.7.1.v20120104-1859,"",1471340645845
executed,command,org.eclipse.ui,3.7.0.v20110928-1505,"org.eclipse.ui.edit.text.contentAssist.proposals",1471340647473
executed,command,org.eclipse.ui,3.7.0.v20110928-1505,"org.eclipse.ui.file.save",1471340649016
executed,command,org.eclipse.ui,3.7.0.v20110928-1505,"org.eclipse.ui.edit.text.contentAssist.proposals",1471340653853
executed,command,org.eclipse.ui,3.7.0.v20110928-1505,"org.eclipse.ui.file.save",1471340665354
executed,command,org.eclipse.ui,3.7.0.v20110928-1505,"org.eclipse.ui.edit.text.contentAssist.proposals",1471340667439
executed,command,org.eclipse.ui,3.7.0.v20110928-1505,"org.eclipse.ui.file.save",1471340680721
executed,command,org.eclipse.ui.workbench.texteditor,3.7.0.v20110928-1504,"org.eclipse.ui.edit.text.goto.wordPrevious",1471340680811
executed,command,org.eclipse.ui,3.7.0.v20110928-1505,"org.eclipse.ui.file.save",1471340683813
executed,command,org.eclipse.ui,3.7.0.v20110928-1505,"org.eclipse.ui.edit.text.contentAssist.proposals",1471340686485
executed,command,org.eclipse.ui.workbench.texteditor,3.7.0.v20110928-1504,"org.eclipse.ui.edit.text.delete.line",1471340690739
executed,command,org.eclipse.ui,3.7.0.v20110928-1505,"org.eclipse.ui.file.save",1471340698800
executed,command,org.eclipse.ui,3.7.0.v20110928-1505,"org.eclipse.ui.edit.text.contentAssist.proposals",1471340704381
executed,command,org.eclipse.ui,3.7.0.v20110928-1505,"org.eclipse.ui.edit.undo",1471340707585
executed,command,org.eclipse.ui,3.7.0.v20110928-1505,"org.eclipse.ui.edit.text.contentAssist.proposals",1471340709278
executed,command,org.eclipse.ui,3.7.0.v20110928-1505,"org.eclipse.ui.file.save",1471340723135
executed,command,org.eclipse.ui,3.7.0.v20110928-1505,"org.eclipse.ui.edit.delete",1471340736686
executed,command,org.eclipse.ui,3.7.0.v20110928-1505,"org.eclipse.ui.edit.delete",1471340736924
executed,command,org.eclipse.ui,3.7.0.v20110928-1505,"org.eclipse.ui.edit.delete",1471340737088
executed,command,org.eclipse.ui,3.7.0.v20110928-1505,"org.eclipse.ui.edit.delete",1471340737269
executed,command,org.eclipse.ui,3.7.0.v20110928-1505,"org.eclipse.ui.edit.delete",1471340737441
executed,command,org.eclipse.ui,3.7.0.v20110928-1505,"org.eclipse.ui.edit.delete",1471340737612
executed,command,org.eclipse.ui,3.7.0.v20110928-1505,"org.eclipse.ui.edit.delete",1471340737795
executed,command,org.eclipse.ui,3.7.0.v20110928-1505,"org.eclipse.ui.file.save",1471340738439
executed,command,org.eclipse.ui,3.7.0.v20110928-1505,"org.eclipse.ui.edit.text.contentAssist.proposals",1471340742232
executed,command,org.eclipse.ui,3.7.0.v20110928-1505,"org.eclipse.ui.file.save",1471340745468
deactivated,workbench,org.eclipse.ui.workbench,3.7.1.v20120104-1859,"",1471340747430
activated,workbench,org.eclipse.ui.workbench,3.7.1.v20120104-1859,"",1471340747438
executed,command,org.eclipse.jdt.debug.ui,3.6.1.v20111006_r372,"org.eclipse.jdt.debug.ui.localJavaShortcut.run",1471340751700
deactivated,workbench,org.eclipse.ui.workbench,3.7.1.v20120104-1859,"",1471340753947
started,bundle,org.eclipse.equinox.p2.garbagecollector,1.0.200.v20110815-1419,"org.eclipse.equinox.p2.garbagecollector",1471340815118
activated,workbench,org.eclipse.ui.workbench,3.7.1.v20120104-1859,"",1471341040566
deactivated,workbench,org.eclipse.ui.workbench,3.7.1.v20120104-1859,"",1471341042572
activated,workbench,org.eclipse.ui.workbench,3.7.1.v20120104-1859,"",1471341167964
deactivated,workbench,org.eclipse.ui.workbench,3.7.1.v20120104-1859,"",1471341171949
activated,workbench,org.eclipse.ui.workbench,3.7.1.v20120104-1859,"",1471341173247
closed,workbench,org.eclipse.ui.workbench,3.7.1.v20120104-1859,"",1471341173603
stopped,bundle,org.eclipse.jst.ws.axis.creation.ui,1.0.700.v201104070312,"org.eclipse.jst.ws.axis.creation.ui",1471341174945
stopped,bundle,org.eclipse.jst.ws.axis.consumption.ui,1.0.505.v201004211805,"org.eclipse.jst.ws.axis.consumption.ui",1471341174948
stopped,bundle,org.eclipse.jst.ws.axis.consumption.core,1.0.407.v201104071820,"org.eclipse.jst.ws.axis.consumption.core",1471341174953
stopped,bundle,org.eclipse.jst.ws.axis2.creation.ui,1.0.104.v201004211805,"org.eclipse.jst.ws.axis2.creation.ui",1471341174956
stopped,bundle,org.eclipse.jst.ws.axis2.consumption.ui,1.0.103.v201004211805,"org.eclipse.jst.ws.axis2.consumption.ui",1471341174959
stopped,bundle,org.eclipse.jst.ws.axis2.creation.core,1.0.106.v201004211805,"org.eclipse.jst.ws.axis2.creation.core",1471341174961
stopped,bundle,org.eclipse.jst.ws.axis2.consumption.core,1.0.105.v201004211805,"org.eclipse.jst.ws.axis2.consumption.core",1471341174964
stopped,bundle,org.eclipse.jst.ws.axis2.ui,1.0.303.v201003110431,"org.eclipse.jst.ws.axis2.ui",1471341174969
stopped,bundle,org.eclipse.jst.ws.axis2.core,1.0.204.v201004211805,"org.eclipse.jst.ws.axis2.core",1471341174971
stopped,bundle,org.eclipse.jst.ws.cxf.creation.ui,1.0.100.v201104022153,"org.eclipse.jst.ws.cxf.creation.ui",1471341174975
stopped,bundle,org.eclipse.jst.ws.creation.ui,1.0.609.v201103082016,"org.eclipse.jst.ws.creation.ui",1471341174986
stopped,bundle,org.eclipse.jst.ws.cxf.consumption.ui,1.0.0.v201003222311,"org.eclipse.jst.ws.cxf.consumption.ui",1471341174988
stopped,bundle,org.eclipse.jst.ws.consumption.ui,1.1.402.v201201250306,"org.eclipse.jst.ws.consumption.ui",1471341174992
stopped,bundle,org.eclipse.jst.ws.consumption,1.0.603.v201202012024,"org.eclipse.jst.ws.consumption",1471341174995
stopped,bundle,org.eclipse.jst.ws.cxf.consumption.core,1.0.0.v201003222311,"org.eclipse.jst.ws.cxf.consumption.core",1471341174997
stopped,bundle,org.eclipse.jst.ws.cxf.creation.core,1.0.100.v201104022153,"org.eclipse.jst.ws.cxf.creation.core",1471341175002
stopped,bundle,org.eclipse.jst.ws.cxf.ui,1.0.0.v201004171919,"org.eclipse.jst.ws.cxf.ui",1471341175051
activated,perspective,org.eclipse.jst.j2ee.ui,,"org.eclipse.jst.j2ee.J2EEPerspective",1471402576164
started,bundle,org.eclipse.osgi,3.7.2.v20120110-1415,"org.eclipse.osgi",1471402576166
started,bundle,org.eclipse.equinox.simpleconfigurator,1.0.200.v20110815-1438,"org.eclipse.equinox.simpleconfigurator",1471402576167
started,bundle,com.ibm.icu,4.4.2.v20110823,"com.ibm.icu",1471402576168
started,bundle,org.eclipse.compare.core,3.5.200.I20110208-0800,"org.eclipse.compare.core",1471402576197
started,bundle,org.eclipse.core.contenttype,3.4.100.v20110423-0524,"org.eclipse.core.contenttype",1471402576198
started,bundle,org.eclipse.core.databinding.observable,1.4.0.I20110222-0800,"org.eclipse.core.databinding.observable",1471402576241
started,bundle,org.eclipse.core.expressions,3.4.300.v20110228,"org.eclipse.core.expressions",1471402576242
started,bundle,org.eclipse.core.filebuffers,3.5.200.v20110928-1504,"org.eclipse.core.filebuffers",1471402576243
started,bundle,org.eclipse.core.filesystem,1.3.100.v20110423-0524,"org.eclipse.core.filesystem",1471402576268
started,bundle,org.eclipse.core.jobs,3.5.101.v20120113-1953,"org.eclipse.core.jobs",1471402576269
started,bundle,org.eclipse.core.net,1.2.100.I20110511-0800,"org.eclipse.core.net",1471402576270
started,bundle,org.eclipse.core.resources,3.7.101.v20120125-1505,"org.eclipse.core.resources",1471402576304
started,bundle,org.eclipse.core.runtime,3.7.0.v20110110,"org.eclipse.core.runtime",1471402576305
started,bundle,org.eclipse.core.runtime.compatibility,3.2.100.v20100505,"org.eclipse.core.runtime.compatibility",1471402576394
started,bundle,org.eclipse.core.runtime.compatibility.auth,3.2.200.v20110110,"org.eclipse.core.runtime.compatibility.auth",1471402576398
started,bundle,org.eclipse.debug.core,3.7.1.v20111129-2031,"org.eclipse.debug.core",1471402576637
started,bundle,org.eclipse.emf.common,2.7.0.v20120127-1122,"org.eclipse.emf.common",1471402576669
started,bundle,org.eclipse.emf.ecore,2.7.0.v20120127-1122,"org.eclipse.emf.ecore",1471402576738
started,bundle,org.eclipse.emf.ecore.xmi,2.7.0.v20120127-1122,"org.eclipse.emf.ecore.xmi",1471402576739
started,bundle,org.eclipse.epp.mpc.ui,1.1.1.I20110907-0947,"org.eclipse.epp.mpc.ui",1471402576740
started,bundle,org.eclipse.epp.usagedata.gathering,1.3.1.R201106061540,"org.eclipse.epp.usagedata.gathering",1471402576741
started,bundle,org.eclipse.epp.usagedata.recording,1.3.1.R201106061540,"org.eclipse.epp.usagedata.recording",1471402576742
started,bundle,org.eclipse.equinox.app,1.3.100.v20110321,"org.eclipse.equinox.app",1471402576743
started,bundle,org.eclipse.equinox.common,3.6.0.v20110523,"org.eclipse.equinox.common",1471402576743
started,bundle,org.eclipse.equinox.ds,1.3.1.R37x_v20110701,"org.eclipse.equinox.ds",1471402576744
started,bundle,org.eclipse.equinox.event,1.2.100.v20110502,"org.eclipse.equinox.event",1471402576745
started,bundle,org.eclipse.equinox.p2.core,2.1.1.v20120113-1346,"org.eclipse.equinox.p2.core",1471402576746
started,bundle,org.eclipse.equinox.p2.directorywatcher,1.0.300.v20110815-1419,"org.eclipse.equinox.p2.directorywatcher",1471402576747
started,bundle,org.eclipse.equinox.p2.engine,2.1.1.R37x_v20111003,"org.eclipse.equinox.p2.engine",1471402576748
started,bundle,org.eclipse.equinox.p2.operations,2.1.1.R37x_v20111111,"org.eclipse.equinox.p2.operations",1471402576749
started,bundle,org.eclipse.equinox.p2.reconciler.dropins,1.1.100.v20110815-1419,"org.eclipse.equinox.p2.reconciler.dropins",1471402576750
started,bundle,org.eclipse.equinox.preferences,3.4.2.v20120111-2020,"org.eclipse.equinox.preferences",1471402576751
started,bundle,org.eclipse.equinox.registry,3.5.101.R37x_v20110810-1611,"org.eclipse.equinox.registry",1471402576808
started,bundle,org.eclipse.equinox.security,1.1.1.R37x_v20110822-1018,"org.eclipse.equinox.security",1471402577026
started,bundle,org.eclipse.equinox.util,1.0.300.v20110502,"org.eclipse.equinox.util",1471402577026
started,bundle,org.eclipse.help,3.5.100.v20110426,"org.eclipse.help",1471402577116
started,bundle,org.eclipse.jdt.core,3.7.3.v20120119-1537,"org.eclipse.jdt.core",1471402577136
started,bundle,org.eclipse.jdt.core.manipulation,1.4.0.v20110928-1453,"org.eclipse.jdt.core.manipulation",1471402577137
started,bundle,org.eclipse.jdt.launching,3.6.1.v20111006_r372,"org.eclipse.jdt.launching",1471402577167
started,bundle,org.eclipse.jdt.ui,3.7.2.v20120109-1427,"org.eclipse.jdt.ui",1471402577167
started,bundle,org.eclipse.jem,2.0.501.v201111030500,"org.eclipse.jem",1471402577194
started,bundle,org.eclipse.jem.util,2.1.100.v201103021400,"org.eclipse.jem.util",1471402577195
started,bundle,org.eclipse.jem.workbench,2.0.400.v201104251400,"org.eclipse.jem.workbench",1471402577195
started,bundle,org.eclipse.jface,3.7.0.v20110928-1505,"org.eclipse.jface",1471402577218
started,bundle,org.eclipse.jst.common.frameworks,1.1.501.v201201190400,"org.eclipse.jst.common.frameworks",1471402577218
started,bundle,org.eclipse.jst.common.project.facet.core,1.4.200.v201103170302,"org.eclipse.jst.common.project.facet.core",1471402577253
started,bundle,org.eclipse.jst.j2ee,1.1.503.v201202090300,"org.eclipse.jst.j2ee",1471402577329
started,bundle,org.eclipse.jst.j2ee.core,1.2.102.v201202090300,"org.eclipse.jst.j2ee.core",1471402577387
started,bundle,org.eclipse.jst.j2ee.web,1.1.502.v201202090300,"org.eclipse.jst.j2ee.web",1471402577456
started,bundle,org.eclipse.jst.server.core,1.2.202.v20110419,"org.eclipse.jst.server.core",1471402577474
started,bundle,org.eclipse.jst.server.tomcat.core,1.1.301.v20111010_1242,"org.eclipse.jst.server.tomcat.core",1471402577516
started,bundle,org.eclipse.jst.ws.jaxrs.core,1.0.301.v201108240656,"org.eclipse.jst.ws.jaxrs.core",1471402577516
started,bundle,org.eclipse.ltk.core.refactoring,3.5.201.r372_v20111101-0700,"org.eclipse.ltk.core.refactoring",1471402577582
started,bundle,org.eclipse.ltk.ui.refactoring,3.6.0.v20110928-1453,"org.eclipse.ltk.ui.refactoring",1471402577713
started,bundle,org.eclipse.mylyn.bugzilla.core,3.6.5.v20120123-0100,"org.eclipse.mylyn.bugzilla.core",1471402577741
started,bundle,org.eclipse.mylyn.bugzilla.ui,3.6.0.v20110608-1400,"org.eclipse.mylyn.bugzilla.ui",1471402577793
started,bundle,org.eclipse.mylyn.commons.identity,0.8.0.v20110608-1400,"org.eclipse.mylyn.commons.identity",1471402577794
started,bundle,org.eclipse.mylyn.commons.net,3.6.0.v20110608-1400,"org.eclipse.mylyn.commons.net",1471402577794
started,bundle,org.eclipse.mylyn.commons.ui,3.6.1.v20110720-0100,"org.eclipse.mylyn.commons.ui",1471402577830
started,bundle,org.eclipse.mylyn.context.core,3.6.1.v20110720-0100,"org.eclipse.mylyn.context.core",1471402577831
started,bundle,org.eclipse.mylyn.context.ui,3.6.1.v20120112-0100,"org.eclipse.mylyn.context.ui",1471402577905
started,bundle,org.eclipse.mylyn.monitor.ui,3.6.0.v20110608-1400,"org.eclipse.mylyn.monitor.ui",1471402577906
started,bundle,org.eclipse.mylyn.tasks.ui,3.6.5.v20120215-0100,"org.eclipse.mylyn.tasks.ui",1471402577983
started,bundle,org.eclipse.pde.launching,3.6.0.v20110506,"org.eclipse.pde.launching",1471402577984
started,bundle,org.eclipse.pde.ui,3.6.100.v20120103_r372,"org.eclipse.pde.ui",1471402578082
started,bundle,org.eclipse.search,3.7.0.v20110928-1504,"org.eclipse.search",1471402578110
started,bundle,org.eclipse.team.core,3.6.0.I20110525-0800,"org.eclipse.team.core",1471402578194
started,bundle,org.eclipse.team.ui,3.6.101.R37x_v20111109-0800,"org.eclipse.team.ui",1471402578269
started,bundle,org.eclipse.ui,3.7.0.v20110928-1505,"org.eclipse.ui",1471402578294
started,bundle,org.eclipse.ui.console,3.5.100.v20111007_r372,"org.eclipse.ui.console",1471402578388
started,bundle,org.eclipse.ui.editors,3.7.0.v20110928-1504,"org.eclipse.ui.editors",1471402578388
started,bundle,org.eclipse.ui.forms,3.5.101.v20111011-1919,"org.eclipse.ui.forms",1471402578491
started,bundle,org.eclipse.ui.ide,3.7.0.v20110928-1505,"org.eclipse.ui.ide",1471402578596
started,bundle,org.eclipse.ui.net,1.2.100.v20111208-1155,"org.eclipse.ui.net",1471402578597
started,bundle,org.eclipse.ui.views,3.6.0.v20110928-1505,"org.eclipse.ui.views",1471402578598
started,bundle,org.eclipse.ui.views.log,1.0.200.v20110404,"org.eclipse.ui.views.log",1471402578612
started,bundle,org.eclipse.ui.workbench,3.7.1.v20120104-1859,"org.eclipse.ui.workbench",1471402578644
started,bundle,org.eclipse.ui.workbench.texteditor,3.7.0.v20110928-1504,"org.eclipse.ui.workbench.texteditor",1471402578713
started,bundle,org.eclipse.update.scheduler,3.2.300.v20100512,"org.eclipse.update.scheduler",1471402578714
started,bundle,org.eclipse.wst.common.core,1.2.0.v200908252030,"org.eclipse.wst.common.core",1471402578739
started,bundle,org.eclipse.wst.common.emf,1.2.100.v201101101900,"org.eclipse.wst.common.emf",1471402578879
started,bundle,org.eclipse.wst.common.emfworkbench.integration,1.2.101.v201107140600,"org.eclipse.wst.common.emfworkbench.integration",1471402578967
started,bundle,org.eclipse.wst.common.frameworks,1.2.102.v201201190400,"org.eclipse.wst.common.frameworks",1471402578989
started,bundle,org.eclipse.wst.common.frameworks.ui,1.2.100.v201105122000,"org.eclipse.wst.common.frameworks.ui",1471402579052
started,bundle,org.eclipse.wst.common.modulecore,1.2.103.v201201190400,"org.eclipse.wst.common.modulecore",1471402579085
started,bundle,org.eclipse.wst.common.project.facet.core,1.4.201.v201201101553,"org.eclipse.wst.common.project.facet.core",1471402579107
started,bundle,org.eclipse.wst.server.core,1.1.304.v20120208_1420,"org.eclipse.wst.server.core",1471402579159
started,bundle,org.eclipse.wst.server.ui,1.3.0.v20120210_1439,"org.eclipse.wst.server.ui",1471402579191
started,bundle,org.eclipse.wst.validation,1.2.303.v201202090300,"org.eclipse.wst.validation",1471402579217
started,bundle,org.eclipse.wst.web,1.1.501.v201201190400,"org.eclipse.wst.web",1471402579218
started,bundle,org.eclipse.wst.xml.core,1.1.602.v201201091944,"org.eclipse.wst.xml.core",1471402579317
os,sysinfo,,,"win32",1471402579322
arch,sysinfo,,,"x86_64",1471402579322
ws,sysinfo,,,"win32",1471402579322
locale,sysinfo,,,"zh_CN",1471402579322
processors,sysinfo,,,"2",1471402579322
java.runtime.name,sysinfo,,,"Java(TM) SE Runtime Environment",1471402579322
java.runtime.version,sysinfo,,,"1.7.0_25-b17",1471402579322
java.specification.name,sysinfo,,,"Java Platform API Specification",1471402579322
java.specification.vendor,sysinfo,,,"Oracle Corporation",1471402579322
java.specification.version,sysinfo,,,"1.7",1471402579322
java.vendor,sysinfo,,,"Oracle Corporation",1471402579322
java.version,sysinfo,,,"1.7.0_25",1471402579322
java.vm.info,sysinfo,,,"mixed mode",1471402579322
java.vm.name,sysinfo,,,"Java HotSpot(TM) 64-Bit Server VM",1471402579322
java.vm.specification.name,sysinfo,,,"Java Virtual Machine Specification",1471402579322
java.vm.specification.vendor,sysinfo,,,"Oracle Corporation",1471402579322
java.vm.specification.version,sysinfo,,,"1.7",1471402579322
java.vm.vendor,sysinfo,,,"Oracle Corporation",1471402579322
java.vm.version,sysinfo,,,"23.25-b01",1471402579322
started,bundle,org.eclipse.team.cvs.ui,3.3.401.v20120126-1227,"org.eclipse.team.cvs.ui",1471402579736
started,bundle,org.eclipse.update.configurator,3.3.100.v20100512,"org.eclipse.update.configurator",1471402583629
started,bundle,org.eclipse.update.core,3.2.500.v20110330,"org.eclipse.update.core",1471402583830
activated,view,org.eclipse.jdt.ui,3.7.2.v20120109-1427,"org.eclipse.jdt.ui.PackageExplorer",1471402585659
started,bundle,org.eclipse.jdt.apt.core,3.3.500.v20110420-1015,"org.eclipse.jdt.apt.core",1471402589698
started,bundle,org.eclipse.jdt.apt.pluggable.core,1.0.400.v20110305-1450,"org.eclipse.jdt.apt.pluggable.core",1471402589935
started,bundle,org.eclipse.core.variables,3.2.500.v20110928-1503,"org.eclipse.core.variables",1471402590291
opened,editor,org.eclipse.jdt.ui,3.7.2.v20120109-1427,"org.eclipse.jdt.ui.CompilationUnitEditor",1471402597707
activated,editor,org.eclipse.jdt.ui,3.7.2.v20120109-1427,"org.eclipse.jdt.ui.CompilationUnitEditor",1471402597895
activated,view,org.eclipse.jdt.ui,3.7.2.v20120109-1427,"org.eclipse.jdt.ui.PackageExplorer",1471402601486
started,bundle,org.eclipse.compare,3.5.202.R37x_v20111109-0800,"org.eclipse.compare",1471402603989
started,bundle,org.eclipse.debug.ui,3.7.102.v20111129-1423_r372,"org.eclipse.debug.ui",1471402605175
deactivated,workbench,org.eclipse.ui.workbench,3.7.1.v20120104-1859,"",1471402610141
started,bundle,org.eclipse.jdt.debug,3.7.1.v20111006_r372,"org.eclipse.jdt.debug",1471402619886
started,bundle,org.eclipse.jdt.debug.ui,3.6.1.v20111006_r372,"org.eclipse.jdt.debug.ui",1471402620115
started,bundle,org.eclipse.jst.jsp.ui,1.1.602.v201112071516,"org.eclipse.jst.jsp.ui",1471402620175
started,bundle,org.eclipse.pde.core,3.7.1.v20120103_r372,"org.eclipse.pde.core",1471402620261
started,bundle,org.eclipse.ant.ui,3.5.101.v20120110-1739,"org.eclipse.ant.ui",1471402620279
started,bundle,org.eclipse.wst.jsdt.debug.rhino.ui,1.0.1.v201201112313,"org.eclipse.wst.jsdt.debug.rhino.ui",1471402620294
started,bundle,org.eclipse.wst.jsdt.core,1.1.102.v201111090634,"org.eclipse.wst.jsdt.core",1471402620838
started,bundle,org.eclipse.wst.jsdt.manipulation,1.0.300.v201104272153,"org.eclipse.wst.jsdt.manipulation",1471402620972
started,bundle,org.eclipse.wst.jsdt.ui,1.1.102.v201201131900,"org.eclipse.wst.jsdt.ui",1471402621035
started,bundle,org.eclipse.wst.sse.core,1.1.602.v201112071516,"org.eclipse.wst.sse.core",1471402621256
started,bundle,org.eclipse.jst.jsp.core,1.2.402.v201112071853,"org.eclipse.jst.jsp.core",1471402621301
activated,workbench,org.eclipse.ui.workbench,3.7.1.v20120104-1859,"",1471402627424
executed,command,org.eclipse.jdt.ui,3.7.2.v20120109-1427,"org.eclipse.jdt.ui.edit.text.java.rename.element",1471402627558
activated,editor,org.eclipse.jdt.ui,3.7.2.v20120109-1427,"org.eclipse.jdt.ui.CompilationUnitEditor",1471402629473
activated,editor,org.eclipse.jdt.ui,3.7.2.v20120109-1427,"org.eclipse.jdt.ui.CompilationUnitEditor",1471402629588
closed,editor,org.eclipse.jdt.ui,3.7.2.v20120109-1427,"org.eclipse.jdt.ui.CompilationUnitEditor",1471402629589
started,bundle,org.eclipse.wst.dtd.core,1.1.501.v201107252021,"org.eclipse.wst.dtd.core",1471402629637
started,bundle,org.eclipse.wst.sse.ui,1.3.2.v201201041522,"org.eclipse.wst.sse.ui",1471402629907
started,bundle,org.eclipse.wst.html.ui,1.0.602.v201202091936,"org.eclipse.wst.html.ui",1471402629918
activated,view,org.eclipse.jdt.ui,3.7.2.v20120109-1427,"org.eclipse.jdt.ui.PackageExplorer",1471402630237
started,bundle,org.eclipse.jst.jee,1.0.402.v201202021530,"org.eclipse.jst.jee",1471402630327
started,bundle,org.eclipse.jst.jsf.common,1.2.3.v201104061039,"org.eclipse.jst.jsf.common",1471402630486
started,bundle,org.eclipse.jst.jsf.core,1.3.105.v201108261005,"org.eclipse.jst.jsf.core",1471402630500
started,bundle,org.eclipse.wst.wsdl.validation,1.1.502.v201104071820,"org.eclipse.wst.wsdl.validation",1471402630711
started,bundle,org.eclipse.wst.xsd.core,1.1.600.v201104070312,"org.eclipse.wst.xsd.core",1471402630737
started,bundle,org.eclipse.wst.xsl.core,1.1.100.v201102270516,"org.eclipse.wst.xsl.core",1471402630777
deactivated,workbench,org.eclipse.ui.workbench,3.7.1.v20120104-1859,"",1471402636158
activated,workbench,org.eclipse.ui.workbench,3.7.1.v20120104-1859,"",1471402642144
executed,command,org.eclipse.ui,3.7.0.v20110928-1505,"org.eclipse.ui.newWizard",1471402642175
opened,editor,org.eclipse.jdt.ui,3.7.2.v20120109-1427,"org.eclipse.jdt.ui.CompilationUnitEditor",1471402642613
activated,editor,org.eclipse.jdt.ui,3.7.2.v20120109-1427,"org.eclipse.jdt.ui.CompilationUnitEditor",1471402642782
started,bundle,org.eclipse.mylyn.ide.ui,3.6.0.v20110608-1400,"org.eclipse.mylyn.ide.ui",1471402646095
started,bundle,org.eclipse.jpt.jaxb.ui,1.1.2.v201201260000,"org.eclipse.jpt.jaxb.ui",1471402646193
started,bundle,org.eclipse.jpt.jpa.ui,3.0.2.v201201243020,"org.eclipse.jpt.jpa.ui",1471402646241
started,bundle,org.eclipse.jst.ws.jaxws.ui,1.0.100.v201104032053,"org.eclipse.jst.ws.jaxws.ui",1471402646408
started,bundle,org.eclipse.mylyn.java.ui,3.6.0.v20110608-1400,"org.eclipse.mylyn.java.ui",1471402646431
started,bundle,org.eclipse.pde.api.tools,1.0.301.v20111129-2053,"org.eclipse.pde.api.tools",1471402646536
started,bundle,org.eclipse.pde.api.tools.ui,1.0.301.v20110803_r371,"org.eclipse.pde.api.tools.ui",1471402646561
started,bundle,org.eclipse.jpt.jaxb.core,1.0.2.v201111103010,"org.eclipse.jpt.jaxb.core",1471402647106
executed,command,org.eclipse.ui,3.7.0.v20110928-1505,"org.eclipse.ui.edit.text.contentAssist.proposals",1471402647667
executed,command,org.eclipse.ui,3.7.0.v20110928-1505,"org.eclipse.ui.edit.text.contentAssist.proposals",1471402648091
started,bundle,org.eclipse.jdt.junit,3.7.0.v20110928-1453,"org.eclipse.jdt.junit",1471402648180
executed,command,org.eclipse.ui,3.7.0.v20110928-1505,"org.eclipse.ui.file.save",1471402650317
deactivated,workbench,org.eclipse.ui.workbench,3.7.1.v20120104-1859,"",1471402651529
activated,workbench,org.eclipse.ui.workbench,3.7.1.v20120104-1859,"",1471402652441
deactivated,workbench,org.eclipse.ui.workbench,3.7.1.v20120104-1859,"",1471402653338
activated,workbench,org.eclipse.ui.workbench,3.7.1.v20120104-1859,"",1471402654518
executed,command,org.eclipse.ui,3.7.0.v20110928-1505,"org.eclipse.ui.file.save",1471402677774
executed,command,org.eclipse.ui,3.7.0.v20110928-1505,"org.eclipse.ui.edit.text.contentAssist.proposals",1471402681828
executed,command,org.eclipse.ui,3.7.0.v20110928-1505,"org.eclipse.ui.edit.text.contentAssist.proposals",1471402681834
executed,command,org.eclipse.ui,3.7.0.v20110928-1505,"org.eclipse.ui.file.save",1471402683816
executed,command,org.eclipse.jdt.debug.ui,3.6.1.v20111006_r372,"org.eclipse.jdt.debug.ui.localJavaShortcut.run",1471402688270
activated,view,org.eclipse.ui.console,3.5.100.v20111007_r372,"org.eclipse.ui.console.ConsoleView",1471402698196
activated,editor,org.eclipse.jdt.ui,3.7.2.v20120109-1427,"org.eclipse.jdt.ui.CompilationUnitEditor",1471402698601
started,bundle,org.eclipse.ui.browser,3.3.101.v20111019-1723,"org.eclipse.ui.browser",1471402702366
deactivated,workbench,org.eclipse.ui.workbench,3.7.1.v20120104-1859,"",1471402704202
activated,workbench,org.eclipse.ui.workbench,3.7.1.v20120104-1859,"",1471402712922
executed,command,org.eclipse.ui,3.7.0.v20110928-1505,"org.eclipse.ui.window.preferences",1471402712937
deactivated,workbench,org.eclipse.ui.workbench,3.7.1.v20120104-1859,"",1471402717893
activated,workbench,org.eclipse.ui.workbench,3.7.1.v20120104-1859,"",1471402720689
deactivated,workbench,org.eclipse.ui.workbench,3.7.1.v20120104-1859,"",1471402721332
activated,workbench,org.eclipse.ui.workbench,3.7.1.v20120104-1859,"",1471402753974
deactivated,workbench,org.eclipse.ui.workbench,3.7.1.v20120104-1859,"",1471402755817
activated,workbench,org.eclipse.ui.workbench,3.7.1.v20120104-1859,"",1471402775915
deactivated,workbench,org.eclipse.ui.workbench,3.7.1.v20120104-1859,"",1471402780656
started,bundle,org.eclipse.equinox.p2.garbagecollector,1.0.200.v20110815-1419,"org.eclipse.equinox.p2.garbagecollector",1471402928150
activated,workbench,org.eclipse.ui.workbench,3.7.1.v20120104-1859,"",1471404079891
activated,view,org.eclipse.jdt.ui,3.7.2.v20120109-1427,"org.eclipse.jdt.ui.PackageExplorer",1471404082402
executed,command,org.eclipse.ui,3.7.0.v20110928-1505,"org.eclipse.ui.edit.paste",1471404084038
started,bundle,org.eclipse.wst.common.uriresolver,1.1.401.v201004280700,"org.eclipse.wst.common.uriresolver",1471404084487
started,bundle,org.eclipse.wst.xsl.exslt.core,1.0.0.v201005240426,"org.eclipse.wst.xsl.exslt.core",1471404084789
started,bundle,org.eclipse.wst.xml.ui,1.1.202.v201112071516,"org.eclipse.wst.xml.ui",1471404085205
started,bundle,org.eclipse.wst.internet.cache,1.0.400.v201004280700,"org.eclipse.wst.internet.cache",1471404085770
started,bundle,org.eclipse.xsd,2.7.1.v20120130-0943,"org.eclipse.xsd",1471404086445
started,bundle,org.eclipse.wst.dtd.ui,1.0.600.v201103171359,"org.eclipse.wst.dtd.ui",1471404087114
started,bundle,org.eclipse.wst.xsl.ui,1.1.200.v201103082057,"org.eclipse.wst.xsl.ui",1471404087235
